,original_sentence,original_tags
0,"for although the chinese took impressions from wood blocks engraved in relief for centuries before the woodcutters of the netherlands , by a similar process","O,O,O,O,O,O,O,O,O,O,O,O,O,O,O,O,O,O,O,LOC,O,O,O,O,O"
1,but the first bible actually dated ( which also was printed at maintz by peter schoeffer in the year 1462 ),"O,O,O,O,O,O,O,O,O,O,O,O,LOC,O,PER,PER,O,O,O,O,O"
2,"especially as regards the lower - case letters and type very similar was used during the next fifteen or twenty years not only by schoeffer ,","O,O,O,O,O,O,O,O,O,O,O,O,O,O,O,O,O,O,O,O,O,O,O,O,PER,O"
3,"but by printers in strasburg , basle , paris , lubeck , and other cities .","O,O,O,O,LOC,O,LOC,O,LOC,O,LOC,O,O,O,O,O"
4,"but though on the whole , except in italy , gothic letter was most often used","O,O,O,O,O,O,O,O,LOC,O,O,O,O,O,O,O"
5,"a very few years saw the birth of roman character not only in italy , but in germany and france .","O,O,O,O,O,O,O,O,O,O,O,O,O,LOC,O,O,O,LOC,O,LOC,O"
6,"in 1465 sweynheim and pannartz began printing in the monastery of subiaco near rome ,","O,O,PER,O,PER,O,O,O,O,O,O,LOC,O,LOC,O"
7,"they printed very few books in this type , three only but in their very first books in rome , beginning with the year 1468 ,","O,O,O,O,O,O,O,O,O,O,O,O,O,O,O,O,O,O,LOC,O,O,O,O,O,O,O"
8,but about the same year mentelin at strasburg began to print in a type which is distinctly roman,"O,O,O,O,O,PER,O,LOC,O,O,O,O,O,O,O,O,O,O"
9,and the next year gunther zeiner at augsburg followed suit,"O,O,O,O,PER,PER,O,LOC,O,O"
10,"while in 1470 at paris udalric gering and his associates turned out the first books printed in france , also in roman character .","O,O,O,O,LOC,PER,PER,O,O,O,O,O,O,O,O,O,O,LOC,O,O,O,O,O,O"
11,"it must be said that it is in no way like the transition type of subiaco ,","O,O,O,O,O,O,O,O,O,O,O,O,O,O,O,ORG,O"
12,"and though more roman than that , yet scarcely more like the complete roman roman type of the earliest printers of rome .","O,O,O,O,O,O,O,O,O,O,O,O,O,O,O,O,O,O,O,O,O,LOC,O"
13,a further development of the roman letter took place at venice .,"O,O,O,O,O,O,O,O,O,O,LOC,O"
14,"john of spires and his brother vindelin , followed by nicholas jenson , began to print in that city ,","PER,O,O,O,O,O,PER,O,O,O,PER,PER,O,O,O,O,O,O,O,O"
15,of jenson it must be said that he carried the development of roman type as far as it can go :,"O,PER,O,O,O,O,O,O,O,O,O,O,O,O,O,O,O,O,O,O,O"
16,"after his death in the "" fourteen eighties , "" or at least by 1490 , printing in venice had declined very much","O,O,O,O,O,O,O,O,O,O,O,O,O,O,O,O,O,O,LOC,O,O,O,O"
17,"and though the famous family of aldus restored its technical excellence , rejecting battered letters ,","O,O,O,O,O,O,PER,O,O,O,O,O,O,O,O,O"
18,"yet their type is artistically on a much lower level than jenson ' s , and in fact","O,O,O,O,O,O,O,O,O,O,O,PER,O,O,O,O,O,O"
19,they must be considered to have ended the age of fine printing in italy .,"O,O,O,O,O,O,O,O,O,O,O,O,O,LOC,O"
20,"jenson , however , had many contemporaries who used beautiful type ,","PER,O,O,O,O,O,O,O,O,O,O,O"
21,"some of which - - as , e . g . , that of jacobus rubeus or jacques le rouge - - is scarcely distinguishable from his .","O,O,O,O,O,O,O,O,O,O,O,O,O,O,PER,PER,O,PER,PER,PER,O,O,O,O,O,O,O,O"
22,"it was these great venetian printers , together with their brethren of rome , milan ,","O,O,O,O,O,O,O,O,O,O,O,O,LOC,O,LOC,O"
23,"parma , and one or two other cities , who produced the splendid editions of the classics , which are one of the great glories of the printer ' s art ,","LOC,O,O,O,O,O,O,O,O,O,O,O,O,O,O,O,O,O,O,O,O,O,O,O,O,O,O,O,O,O,O,O"
24,"even in italy most of the theological and law books were printed in gothic letter ,","O,O,LOC,O,O,O,O,O,O,O,O,O,O,O,O,O"
25,"many of whose types , indeed , like that of the subiaco works , are of a transitional character .","O,O,O,O,O,O,O,O,O,O,O,ORG,O,O,O,O,O,O,O,O"
26,"this was notably the case with the early works printed at ulm , and in a somewhat lesser degree at augsburg .","O,O,O,O,O,O,O,O,O,O,O,LOC,O,O,O,O,O,O,O,O,LOC,O"
27,in fact gunther zeiner ' s first type ( afterwards used by schussler ) is remarkably like the type of the before - mentioned subiaco books .,"O,O,PER,PER,O,O,O,O,O,O,O,O,PER,O,O,O,O,O,O,O,O,O,O,O,ORG,O,O"
28,"in the low countries and cologne , which were very fertile of printed books , gothic was the favorite .","O,O,O,O,O,LOC,O,O,O,O,O,O,O,O,O,O,O,O,O,O"
29,"the characteristic dutch type , as represented by the excellent printer gerard leew , is very pronounced and uncompromising gothic .","O,O,O,O,O,O,O,O,O,O,O,PER,PER,O,O,O,O,O,O,O,O"
30,"this type was introduced into england by wynkyn de worde , caxton ' s successor ,","O,O,O,O,O,LOC,O,PER,PER,PER,O,PER,O,O,O,O"
31,"most of caxton ' s own types are of an earlier character , though they also much resemble flemish or cologne letter .","O,O,PER,O,O,O,O,O,O,O,O,O,O,O,O,O,O,O,O,O,LOC,O,O"
32,"after the end of the fifteenth century the degradation of printing , especially in germany and italy ,","O,O,O,O,O,O,O,O,O,O,O,O,O,O,LOC,O,LOC,O"
33,"in england about this time , an attempt was made ( notably by caslon , who started business in london as a type - founder in 1720 )","O,LOC,O,O,O,O,O,O,O,O,O,O,O,PER,O,O,O,O,O,LOC,O,O,O,O,O,O,O,O"
34,"caslon ' s type is clear and neat , and fairly well designed","PER,O,O,O,O,O,O,O,O,O,O,O,O"
35,"for the seventeenth - century letters are at least pure and simple in line . the italian , bodoni , and the frenchman , didot ,","O,O,O,O,O,O,O,O,O,O,O,O,O,O,O,O,O,O,PER,O,O,O,O,O,PER,O"
36,"were the leaders in this luckless change , though our own baskerville , who was at work some years before them , went much on the same lines","O,O,O,O,O,O,O,O,O,O,O,PER,O,O,O,O,O,O,O,O,O,O,O,O,O,O,O,O"
37,"the chiswick press in 1844 revived caslon ' s founts , printing for messrs . longman the diary of lady willoughby .","O,ORG,O,O,O,O,PER,O,O,O,O,O,O,O,O,PER,O,O,O,PER,PER,O"
38,this experiment was so far successful that about 1850 messrs . miller and richard of edinburgh,"O,O,O,O,O,O,O,O,O,O,O,PER,O,PER,O,LOC"
39,"have now come into general use and are obviously a great improvement on the ordinary "" modern style "" in use in england , which is in fact the bodoni type","O,O,O,O,O,O,O,O,O,O,O,O,O,O,O,O,O,O,O,O,O,O,LOC,O,O,O,O,O,O,PER,O"
40,it is discouraging to note that the improvement of the last fifty years is almost wholly confined to great britain .,"O,O,O,O,O,O,O,O,O,O,O,O,O,O,O,O,O,O,LOC,LOC,O"
41,"here and there a book is printed in france or germany with some pretension to good taste ,","O,O,O,O,O,O,O,O,LOC,O,LOC,O,O,O,O,O,O,O"
42,italy is contentedly stagnant .,"LOC,O,O,O,O"
43,"america has produced a good many showy books , the typography , paper , and illustrations of which are , however , all wrong ,","LOC,O,O,O,O,O,O,O,O,O,O,O,O,O,O,O,O,O,O,O,O,O,O,O,O"
44,even the caslon type when enlarged shows great shortcomings in this respect :,"O,O,O,O,O,O,O,O,O,O,O,O,O"
45,instead of ending in the sharp and clear stroke of jenson ' s letters,"O,O,O,O,O,O,O,O,O,O,PER,O,O,O"
46,this is awkward if you have to read bradshaw ' s guide in a hurry .,"O,O,O,O,O,O,O,O,PER,O,O,O,O,O,O,O"
47,"most of jenson ' s letters are designed within a square ,","O,O,PER,O,O,O,O,O,O,O,O,O"
48,"by that made in america , which is the worst conceivable .","O,O,O,O,LOC,O,O,O,O,O,O,O"
49,"the position of our society that a work of utility might be also a work of art , if we cared to make it so .","O,O,O,O,ORG,O,O,O,O,O,O,O,O,O,O,O,O,O,O,O,O,O,O,O,O,O"
50,"the chronicles of newgate , volume 2 . by arthur griffiths . section 4 : newgate newgate down to 1818 .","O,ORG,ORG,ORG,O,O,O,O,O,PER,PER,O,O,O,O,LOC,LOC,O,O,O,O"
51,"with criminals and misdemeanants of all shades crowding perpetually into its narrow limits , the latter state of newgate was worse than the first .","O,O,O,O,O,O,O,O,O,O,O,O,O,O,O,O,O,O,LOC,O,O,O,O,O,O"
52,neild gives some figures which well illustrate this .,"PER,O,O,O,O,O,O,O,O"
53,"the numbers soon increased , however , and by 1811 had again risen to 629 and mr . neild was told that there had been at one time","O,O,O,O,O,O,O,O,O,O,O,O,O,O,O,O,O,O,PER,O,O,O,O,O,O,O,O,O"
54,"300 debtors and 900 criminals in newgate , or twelve hundred prisoners in all .","O,O,O,O,O,O,LOC,O,O,O,O,O,O,O,O"
55,"previous to that date there had been 700 or 800 frequently , and once , in mr . akerman ' s time , one thousand .","O,O,O,O,O,O,O,O,O,O,O,O,O,O,O,O,O,O,PER,O,O,O,O,O,O,O"
56,"the inadequacy of the jail was noticed and reported upon again and again by the grand juries of the city of london ,","O,O,O,O,O,O,O,O,O,O,O,O,O,O,O,O,O,O,O,LOC,LOC,LOC,O"
57,who seldom let a session go by without visiting newgate .,"O,O,O,O,O,O,O,O,O,LOC,O"
58,"the grand jury made a special presentment to the court of common council , pointing out that on the debtors ' side , which was intended for only 100 ,","O,O,O,O,O,O,O,O,O,ORG,ORG,ORG,ORG,O,O,O,O,O,O,O,O,O,O,O,O,O,O,O,O,O"
59,returns laid before the house of commons showed that 6439 persons had been committed to newgate,"O,O,O,O,ORG,ORG,ORG,O,O,O,O,O,O,O,O,LOC"
60,"and this number did not include the debtors , a numerous class , who were still committed to newgate pending the completion of the white cross street prison .","O,O,O,O,O,O,O,O,O,O,O,O,O,O,O,O,O,O,LOC,O,O,O,O,O,LOC,LOC,LOC,O,O"
61,"in order to realize the evils entailed by incarceration in newgate in these days , it is necessary to give some account of its interior","O,O,O,O,O,O,O,O,O,O,LOC,O,O,O,O,O,O,O,O,O,O,O,O,O,O"
62,"full details of the arrangements are to be found in mr . neild ' s "" state of prisons in england , scotland , and wales , "" published in 1812 .","O,O,O,O,O,O,O,O,O,O,O,O,PER,O,O,O,ORG,ORG,ORG,O,LOC,O,LOC,O,O,LOC,O,O,O,O,O,O"
63,"neild takes it for granted that the former rather than the latter prevailed in the selection ,","PER,O,O,O,O,O,O,O,O,O,O,O,O,O,O,O,O"
64,"the long narrow yard still remained as we saw it in jacobite times ,","O,O,O,O,O,O,O,O,O,O,O,O,O,O"
65,"quote , on the top of the jail , continues neild , are a watch - house and a sentry - box , where two or more guards , with dogs and firearms ,","O,O,O,O,O,O,O,O,O,O,PER,O,O,O,O,O,O,O,O,O,O,O,O,O,O,O,O,O,O,O,O,O,O,O"
66,"neild gives , on the authority of mr . burchell , the under sheriff of middlesex ,","PER,O,O,O,O,O,O,O,O,PER,O,O,O,O,O,LOC,O"
67,a table showing the figures for the year ending michaelmas 1802 .,"O,O,O,O,O,O,O,O,O,O,O,O"
68,"fifteen thousand of these were issued in middlesex alone , which at that time was reckoned as only a fifteenth of great britain .","O,O,O,O,O,O,O,LOC,O,O,O,O,O,O,O,O,O,O,O,O,O,LOC,LOC,O"
69,"the number of arrests actually made was 114 , 300 for the kingdom , and 7020 for middlesex .","O,O,O,O,O,O,O,O,O,O,O,O,O,O,O,O,O,LOC,O"
70,"neild also says that in 1793 ,","PER,O,O,O,O,O,O"
71,"5719 writs and executions for debts between $ 10 and $ 20 were issued in middlesex ,","O,O,O,O,O,O,O,O,O,O,O,O,O,O,O,LOC,O"
72,"alfred the great established the court baron , the hundred court , and the county court , which among other matters entertained pleas for debt .","PER,PER,PER,O,O,ORG,ORG,O,O,ORG,ORG,O,O,O,ORG,ORG,O,O,O,O,O,O,O,O,O,O"
73,"the county court was the sheriff ' s , who sat there surrounded by the bishop and the magnates of the county","O,ORG,ORG,O,O,O,O,O,O,O,O,O,O,O,O,O,O,O,O,O,O,O"
74,"but as time passed , difficulties and delays in obtaining judgment led to the removal of causes to the great court of king ' s bench ,","O,O,O,O,O,O,O,O,O,O,O,O,O,O,O,O,O,O,O,O,ORG,ORG,ORG,ORG,ORG,ORG,O"
75,"so much inconvenience ensued , that in 1518 the corporation obtained from parliament an act empowering two aldermen","O,O,O,O,O,O,O,O,O,ORG,O,O,ORG,O,O,O,O,O"
76,"and four common councilmen to hold courts of requests , or courts of conscience , to hear and determine all causes of debt","O,O,O,O,O,O,ORG,ORG,ORG,O,O,ORG,ORG,ORG,O,O,O,O,O,O,O,ORG,O"
77,"these courts were extended two centuries later to several large provincial towns , and all were in full activity when neild wrote ,","O,O,O,O,O,O,O,O,O,O,O,O,O,O,O,O,O,O,O,O,PER,O,O"
78,the activity as well as the futility of these courts may be estimated from the statement given by neild,"O,O,O,O,O,O,O,O,O,O,O,O,O,O,O,O,O,O,PER"
79,"that thirteen hundred and twelve debtors were committed by them to newgate between 1797 and 1808 ,","O,O,O,O,O,O,O,O,O,O,O,LOC,O,O,O,O,O"
80,"neild found at his visit to newgate in 1810 ,","PER,O,O,O,O,O,LOC,O,O,O"
81,"thus , amongst others , thomas blackburn had been committed on october 15th for a debt of 1 shilling 5 pence .","O,O,O,O,O,PER,PER,O,O,O,O,O,O,O,O,O,O,O,O,O,O,O"
82,"thomas dobson , on 22nd august , 1799 , for 1 shilling , with costs of 8 shillings , 10 pence .","PER,PER,O,O,O,O,O,O,O,O,O,O,O,O,O,O,O,O,O,O,O,O"
83,"and susannah evans , in october the same year , for 2 shillings , with costs of 6 shillings , 8 pence .","O,PER,PER,O,O,O,O,O,O,O,O,O,O,O,O,O,O,O,O,O,O,O,O"
84,"other cases are recorded elsewhere , as at the giltspur street compter , where in 1805 mr . neild found a man named william grant","O,O,O,O,O,O,O,O,O,ORG,ORG,ORG,O,O,O,O,O,O,PER,O,O,O,O,PER,PER"
85,"and john lancaster for 1 shilling , 8 pence , with costs of 7 shillings , 6 pence . quote .","O,PER,PER,O,O,O,O,O,O,O,O,O,O,O,O,O,O,O,O,O,O"
86,"these surely , i thought , "" says mr . neild , "" were bad enough ! but it was not so . end quote .","O,O,O,O,O,O,O,O,O,O,PER,O,O,O,O,O,O,O,O,O,O,O,O,O,O,O"
87,"he recites another most outrageous and extraordinary case , in which one john bird ,","O,O,O,O,O,O,O,O,O,O,O,O,PER,PER,O"
88,"bird was , however , discharged within three days by a subscription raised among his fellow - prisoners .","PER,O,O,O,O,O,O,O,O,O,O,O,O,O,O,O,O,O,O"
89,"mr . buxton , in his "" inquiry into the system of prison discipline , ""","O,O,PER,O,O,O,O,O,O,O,ORG,ORG,ORG,ORG,O,O"
90,"the lad in question was found in coldbath fields prison , to which he had been sent for a month in default of paying a fine of forty shillings .","O,O,O,O,O,O,O,LOC,LOC,O,O,O,O,O,O,O,O,O,O,O,O,O,O,O,O,O,O,O,O,O"
91,"he had been in the employ of a corn - chandler at islington , and went into london with his master ' s cart and horse .","O,O,O,O,O,O,O,O,O,O,PER,O,LOC,O,O,O,O,LOC,O,O,O,O,O,O,O,O,O"
92,"there was in the city road a temporary bar , with a collector of tolls who was sometimes on the spot and sometimes not .","O,O,O,O,LOC,LOC,O,O,O,O,O,O,O,O,O,O,O,O,O,O,O,O,O,O,O"
93,"mr . buxton ' s friends at once paid the forty shillings , and the boy was released .","O,O,PER,O,O,O,O,O,O,O,O,O,O,O,O,O,O,O,O"
94,"neild gives a list of the various items charged upon a debt of $ 10 , which included instructions to sue ,","PER,O,O,O,O,O,O,O,O,O,O,O,O,O,O,O,O,O,O,O,O,O"
95,"before dealing with the debtors in newgate , i may refer incidentally","O,O,O,O,O,O,LOC,O,O,O,O,O"
96,"to those in other london prisons , for newgate was not the only place of durance for these unfortunate people . there were also the king ' s bench ,","O,O,O,O,LOC,O,O,O,LOC,O,O,O,O,O,O,O,O,O,O,O,O,O,O,O,O,ORG,ORG,ORG,ORG,O"
97,"the fleet , and the marshalsea prisons especially devoted to them ,","O,ORG,O,O,O,ORG,O,O,O,O,O,O"
98,"whilst ludgate , the giltspur street , and borough compters also received them","O,ORG,O,O,ORG,ORG,O,O,ORG,ORG,O,O,O"
99,"the king ' s bench was a national prison , in which were confined all debtors arrested for debt or for contempt of the court of the king ' s bench .","O,ORG,ORG,ORG,ORG,O,O,O,O,O,O,O,O,O,O,O,O,O,O,O,O,O,O,O,O,O,O,ORG,ORG,ORG,ORG,O"
100,"the best , or at least the most influential prisoners , got lodging in the state house , which contained "" eight large handsome rooms . ""","O,O,O,O,O,O,O,O,O,O,O,O,O,O,O,LOC,LOC,O,O,O,O,O,O,O,O,O,O"
101,"the keeper of the large tap - room called the brace , because it was once kept by two brothers named partridge , also paid him toll .","O,O,O,O,O,O,O,O,O,O,O,O,O,O,O,O,O,O,O,O,O,PER,O,O,O,O,O,O"
102,"the sale of spirits was forbidden , but gin could always be had at the whistling shops , where it was known as moonshine , sky blue ,","O,O,O,O,O,O,O,O,O,O,O,O,O,O,O,O,O,O,O,O,O,O,O,ORG,O,ORG,ORG,O"
103,"mexico , and was consumed at the rate of a hogshead per week .","LOC,O,O,O,O,O,O,O,O,O,O,O,O,O"
104,"the fleet , which stood in farringdon street ,","O,ORG,O,O,O,O,LOC,LOC,O"
105,"was a prison for debtors and persons committed for contempt by the courts of chancery , exchequer , and common pleas .","O,O,O,O,O,O,O,O,O,O,O,O,O,O,ORG,O,ORG,O,O,ORG,ORG,O"
106,it was so used for the date of the abolition of the star chamber in the 16th charles i .,"O,O,O,O,O,O,O,O,O,O,O,O,ORG,ORG,O,O,O,PER,PER,O"
107,"the shameful malpractices of bambridge ,","O,O,O,O,PER,O"
108,"the warden of the fleet at the commencement of the eighteenth century , are too well known to need more than a passing reference .","O,O,O,O,ORG,O,O,O,O,O,O,O,O,O,O,O,O,O,O,O,O,O,O,O,O"
109,"a committee of the house of commons investigated the charges against bambridge , who was proved to have connived at the escape of some debtors ,","O,O,O,O,ORG,ORG,ORG,O,O,O,O,PER,O,O,O,O,O,O,O,O,O,O,O,O,O,O"
110,"and to have been guilty of extortion to others . one sir william rich , bart . , he had loaded with heavy irons","O,O,O,O,O,O,O,O,O,O,O,O,PER,PER,O,PER,O,O,O,O,O,O,O,O"
111,"in consequence of these disclosures , both bambridge and huggin , his predecessor in the office , were committed to newgate ,","O,O,O,O,O,O,O,PER,O,PER,O,O,O,O,O,O,O,O,O,O,LOC,O"
112,"the committee on jails reported that , quote , although the house of the warden looked into the court ,","O,ORG,ORG,ORG,O,O,O,O,O,O,O,O,O,O,O,O,O,O,O,O"
113,matters were rather better at the marshalsea .,"O,O,O,O,O,O,LOC,O"
114,"this very ancient prison , which stood in the high street , southwark ,","O,O,O,O,O,O,O,O,O,LOC,LOC,O,LOC,O"
115,was used for debtors arrested for the lowest sums within twelve miles of the palace of whitehall,"O,O,O,O,O,O,O,O,O,O,O,O,O,O,O,O,LOC"
116,also for prisoners committed by the admiralty court .,"O,O,O,O,O,O,ORG,ORG,O"
117,"at one time the marshalsea was the receptacle of pirates , but none were committed to it after 1789 .","O,O,O,O,LOC,O,O,O,O,O,O,O,O,O,O,O,O,O,O,O"
118,"the court of the marshalsea was instituted by charles i . in the sixth year of his reign ,","O,O,O,O,LOC,O,O,O,PER,PER,O,O,O,O,O,O,O,O,O"
119,but its business was much reduced by the extension of the courts of conscience .,"O,O,O,O,O,O,O,O,O,O,O,ORG,ORG,ORG,O"
120,"the prison was a nest of abuses , like its neighbor the king ' s bench","O,O,O,O,O,O,O,O,O,O,O,O,ORG,ORG,ORG,ORG"
121,and came under the strong animadversion of the jail committee of 1729 .,"O,O,O,O,O,O,O,O,ORG,ORG,O,O,O"
122,"as the business of the marshalsea court declined , the numbers in its prison diminished .","O,O,O,O,O,ORG,ORG,O,O,O,O,O,O,O,O,O"
123,"bad language , quarreling , throwing water over one another was forbidden on pain of fine and being sent to coventry","O,O,O,O,O,O,O,O,O,O,O,O,O,O,O,O,O,O,O,O,LOC"
124,"owing to many charitable gifts and bequests , which included annual donations from the archbishop of canterbury ,","O,O,O,O,O,O,O,O,O,O,O,O,O,O,O,O,LOC,O"
125,"the lord steward of the household , the steward and officers of the marshalsea court , and others .","O,PER,PER,O,O,O,O,O,PER,O,O,O,O,ORG,ORG,O,O,O,O"
126,"left by a mr . henry allnutt , who was long a prisoner in the marshalsea , and came into a fortune while there .","O,O,O,O,O,PER,PER,O,O,O,O,O,O,O,O,LOC,O,O,O,O,O,O,O,O,O"
127,"his bequest , which was charged upon his manor at goring , oxon , and hence called the oxford charity ,","O,O,O,O,O,O,O,O,O,O,LOC,O,LOC,O,O,O,O,O,ORG,ORG,O"
128,"the supreme control of the marshalsea was vested in the marshal of the royal household but although he drew a salary of $ 500 a year ,","O,O,O,O,O,LOC,O,O,O,O,O,O,O,O,O,O,O,O,O,O,O,O,O,O,O,O,O"
129,"the compters of ludgate , giltspur street , and the borough were discontinued as debtors ' prisons ( as was newgate also )","O,O,O,ORG,O,ORG,ORG,O,O,O,ORG,O,O,O,O,O,O,O,O,O,LOC,O,O"
130,on the opening of whitecross prison for debtors in 1815 .,"O,O,O,O,LOC,O,O,O,O,O,O"
131,"ludgate to the last was the debtors ' prison for freemen of the city of london ,","LOC,O,O,O,O,O,O,O,O,O,O,O,O,O,O,LOC,O"
132,"clergymen , proctors , attorneys , and persons specially selected by the corporation .","O,O,O,O,O,O,O,O,O,O,O,O,ORG,O"
133,"at one time the ludgate debtors , accompanied by the keeper ,","O,O,O,O,ORG,O,O,O,O,O,O,O"
134,"the giltspur street compter received sheriffs ' debtors , also felons , vagrants , and night charges .","O,ORG,ORG,ORG,O,O,O,O,O,O,O,O,O,O,O,O,O,O"
135,"it was generally crowded , as debtors who would have gone to the poultry compter were sent to giltspur street when the former was condemned as unfit to receive prisoners .","O,O,O,O,O,O,O,O,O,O,O,O,O,ORG,ORG,O,O,O,LOC,LOC,O,O,O,O,O,O,O,O,O,O,O"
136,the demands for fees were excessive in giltspur street .,"O,O,O,O,O,O,O,LOC,LOC,O"
137,"the borough compter was in a disgraceful state to the last . the men ' s ward had an earth , or rather a mud , floor ,","O,ORG,ORG,O,O,O,O,O,O,O,O,O,O,O,O,O,O,O,O,O,O,O,O,O,O,O,O,O"
138,in one room mr . neild found a woman ill of a flux shut up with three men,"O,O,O,O,O,PER,O,O,O,O,O,O,O,O,O,O,O,O"
139,"neild found the prisoners in the borough compter ragged , starving , and dirty .","PER,O,O,O,O,O,LOC,LOC,O,O,O,O,O,O,O"
140,"i come now to the debtors in newgate . the quarters they occupied were divided , as i have said , into three principal divisions","O,O,O,O,O,O,O,LOC,O,O,O,O,O,O,O,O,O,O,O,O,O,O,O,O,O"
141,"this was the reprehensible claim for "" garnish , "" which had already been abolished in all well - conducted prisons , but which still was demanded in newgate .","O,O,O,O,O,O,O,O,O,O,O,O,O,O,O,O,O,O,O,O,O,O,O,O,O,O,O,O,LOC,O"
142,"on the master ' s side it was thirteen and fourpence , and a gallon of beer on entrance , although mr . newman ,","O,O,O,O,O,O,O,O,O,O,O,O,O,O,O,O,O,O,O,O,O,O,O,PER,O"
143,"and gave the garnish for the common side at that sum , which is five shillings more than mr . neild says was extorted on the common side .","O,O,O,O,O,O,O,O,O,O,O,O,O,O,O,O,O,O,O,O,PER,O,O,O,O,O,O,O,O"
144,"there was this much honest forbearance in newgate in these days ,","O,O,O,O,O,O,O,LOC,O,O,O,O"
145,"notably as when numbers filled newgate in anticipation of lord redesdale ' s bill for insolvent debtors ,","O,O,O,O,O,ORG,O,O,O,O,PER,O,O,O,O,O,O,O"
146,"the chronicles of newgate , volume 2 . by arthur griffiths . section 5 : newgate down to 1818 , part 2 .","O,ORG,ORG,ORG,O,O,O,O,O,PER,PER,O,O,O,O,LOC,O,O,O,O,O,O,O"
147,"enough has been said , probably , to prove that there was room for improvement in the condition and treatment of debtors in the prisons of the city of london .","O,O,O,O,O,O,O,O,O,O,O,O,O,O,O,O,O,O,O,O,O,O,O,O,O,O,O,O,O,LOC,O"
148,"this gradually was forced upon the consciousness of the corporation ,","O,O,O,O,O,O,O,O,O,ORG,O"
149,"authority was given to raise money on the orphans ' fund to the extent of $ 90 , 0 .","O,O,O,O,O,O,O,O,O,O,O,O,O,O,O,O,O,O,O,O"
150,"a site was purchased between red lion and white cross streets , and a new prison planned ,","O,O,O,O,O,LOC,LOC,O,LOC,LOC,O,O,O,O,O,O,O,O"
151,"which would accommodate the inmates of newgate and of the three compters , ludgate ,","O,O,O,O,O,O,LOC,O,O,O,O,O,O,LOC,O"
152,"giltspur street , and the poultry , or about four hundred and seventy - six in all .","LOC,LOC,O,O,O,LOC,O,O,O,O,O,O,O,O,O,O,O,O"
153,and it was not ready to relieve newgate till late in 1815 .,"O,O,O,O,O,O,O,LOC,O,O,O,O,O"
154,"could not be carried out till then . it is to be feared that long after the opening of white cross street prison ,","O,O,O,O,O,O,O,O,O,O,O,O,O,O,O,O,O,O,O,LOC,LOC,LOC,O,O"
155,newgate continued to be a reproach to those responsible for its management .,"ORG,O,O,O,O,O,O,O,O,O,O,O,O"
156,"i pass now to the criminal side of newgate , which consisted of the six quarters or yards already enumerated and described .","O,O,O,O,O,O,O,O,ORG,O,O,O,O,O,O,O,O,O,O,O,O,O,O"
157,"in this heterogeneous society were also thrown the unfortunate journalists to whom i have already referred , and on whom imprisonment in newgate","O,O,O,O,O,O,O,O,O,O,O,O,O,O,O,O,O,O,O,O,O,O,LOC"
158,it was particularly recommended by the committee on jails in 1814,"O,O,O,O,O,O,ORG,ORG,ORG,O,O"
159,"the hon . h . g . bennet , who visited newgate in 1817 , saw in one yard , in a total of seventy - two prisoners ,","O,O,O,O,O,O,O,PER,O,O,O,LOC,O,O,O,O,O,O,O,O,O,O,O,O,O,O,O,O,O"
160,"mr . bennet refers to a gentleman confined for want of bail , who occupied a room with five others","O,O,PER,O,O,O,O,O,O,O,O,O,O,O,O,O,O,O,O,O"
161,"quote , a common - sized man , says the keeper , mr . newman , can turn in nineteen inches , end quote .","O,O,O,O,O,O,O,O,O,O,O,O,O,O,PER,O,O,O,O,O,O,O,O,O,O"
162,"these often remained in newgate for six months , sometimes a year , in some cases longer","O,O,O,O,LOC,O,O,O,O,O,O,O,O,O,O,O,O"
163,"mr . newman admitted that he had petitioned that certain "" trusty men "" might be left in the jail .","O,O,PER,O,O,O,O,O,O,O,O,O,O,O,O,O,O,O,O,O,O"
164,"mr . bennet mentions also the case of young men of better stamp , clerks in city offices , and youths of good parentage ,","O,O,PER,O,O,O,O,O,O,O,O,O,O,O,O,O,O,O,O,O,O,O,O,O,O"
165,"mr . buxton , in the work already quoted , instances another grievous case of the horrors of indiscriminate association in newgate .","O,O,PER,O,O,O,O,O,O,O,O,O,O,O,O,O,O,O,O,O,O,LOC,O"
166,"having been committed to clerkenwell ,","O,O,O,O,LOC,O"
167,"he was sent on to newgate in a coach , handcuffed to a noted house - breaker , who was afterwards cast for death .","O,O,O,O,O,LOC,O,O,O,O,O,O,O,O,O,O,O,O,O,O,O,O,O,O,O"
168,"the first night in newgate , and for the subsequent fortnight ,","O,O,O,O,LOC,O,O,O,O,O,O,O"
169,"his wife visited him in newgate , and wrote a pitiable account of the state in which she found her husband .","O,O,O,O,O,LOC,O,O,O,O,O,O,O,O,O,O,O,O,O,O,O,O"
170,"the fee for admission to the state side , as fixed by the table of fees , was three guineas , but mr . newman declared that he never took more than two .","O,O,O,O,O,O,O,O,O,O,O,O,O,O,O,O,O,O,O,O,O,O,O,O,PER,O,O,O,O,O,O,O,O,O"
171,"a mr . lundy , charged with forgery , was thus accommodated on the state side for upwards of five years .","O,O,O,PER,O,O,O,O,O,O,O,O,O,O,O,O,O,O,O,O,O,O"
172,"mr . davison , sent to newgate for embezzlement , and whose case is given in the preceding chapter ,","O,O,PER,O,O,O,LOC,O,O,O,O,O,O,O,O,O,O,O,O,O"
173,was accommodated with a room in mr . newman ' s house at the extravagant rental of thirty guineas per week,"O,O,O,O,O,O,O,O,PER,O,O,O,O,O,O,O,O,O,O,O,O"
174,"mr . cobbett was also a lodger of mr . newman ' s and so were any members of the aristocracy ,","O,O,PER,O,O,O,O,O,O,O,PER,O,O,O,O,O,O,O,O,O,O,O"
175,if they happened to be in funds - - among whom was the marquis of sligo in 1811 .,"O,O,O,O,O,O,O,O,O,O,O,O,O,PER,O,LOC,O,O,O"
176,which will deal with mrs . fry ' s philanthropic exertions at this period in this particular part of the prison .,"O,O,O,O,O,O,PER,O,O,O,O,O,O,O,O,O,O,O,O,O,O,O"
177,"once , during the long illness of george iii . , as many as one hundred were there waiting the "" report , "" as it was called .","O,O,O,O,O,O,O,PER,PER,O,O,O,O,O,O,O,O,O,O,O,O,O,O,O,O,O,O,O,O"
178,"mr . bennet speaks of thirty - eight capital convicts he found in the press yard in february 1817 ,","O,O,PER,O,O,O,O,O,O,O,O,O,O,O,O,O,O,O,O,O"
179,"these capital convicts , says mr . bennet , quote , lessened the ennui and despair of their situation by unbecoming merriment","O,O,O,O,O,O,O,PER,O,O,O,O,O,O,O,O,O,O,O,O,O,O"
180,"i saw cashman a few hours before his execution , smoking and drinking with the utmost unconcern and indifference , end quote .","O,O,PER,O,O,O,O,O,O,O,O,O,O,O,O,O,O,O,O,O,O,O,O"
181,"well might mr . bennet write that the condition of the condemned side was the most prominent of the manifold evils in the present system of newgate ,","O,O,O,O,PER,O,O,O,O,O,O,O,O,O,O,O,O,O,O,O,O,O,O,O,O,O,LOC,O"
182,such as messrs . birch of cornhill and messrs . leach and dollimore of ludgate hill .,"O,O,O,O,PER,O,LOC,O,O,O,PER,O,PER,O,LOC,LOC,O"
183,preparatory to their appearance in the old bailey . irons were seldom removed from the convicted until discharge,"O,O,O,O,O,O,LOC,LOC,O,O,O,O,O,O,O,O,O,O"
184,"any reputed , and indeed any real , wife might spend the night in newgate if she would pay the shilling fee , commonly known as the "" bad money , ""","O,O,O,O,O,O,O,O,O,O,O,O,O,O,LOC,O,O,O,O,O,O,O,O,O,O,O,O,O,O,O,O,O"
185,"kept open house , so to speak , and entertained daily within the walls a select party of the most noted thieves in london .","O,O,O,O,O,O,O,O,O,O,O,O,O,O,O,O,O,O,O,O,O,O,O,LOC,O"
186,"owing to the facility of intercourse between inside and outside , many crimes were doubtless hatched in newgate .","O,O,O,O,O,O,O,O,O,O,O,O,O,O,O,O,O,LOC,O"
187,"i believe , says mr . bennet in the letter already largely quoted ,","O,O,O,O,O,O,PER,O,O,O,O,O,O,O"
188,that there is no place in the metropolis where more crimes are projected or where stolen property is more secreted than in newgate .,"O,O,O,O,O,O,O,O,O,O,O,O,O,O,O,O,O,O,O,O,O,O,LOC,O"
189,"although attempted partially at bridewell , and more systematically at the new millbank penitentiary ,","O,O,O,O,LOC,O,O,O,O,O,O,O,LOC,O,O"
190,"it was not strange , therefore , that the inmates of newgate should turn their unoccupied brains and idle hands to all manner of mischief","O,O,O,O,O,O,O,O,O,O,O,LOC,O,O,O,O,O,O,O,O,O,O,O,O,O"
191,"the report of the committee of the house of commons painted so black a picture of newgate as then conducted , that the corporation were roused in very shame","O,O,O,O,O,O,O,ORG,ORG,ORG,O,O,O,O,O,O,ORG,O,O,O,O,O,O,ORG,O,O,O,O,O"
192,"the court of aldermen appointed a committee of its own body , assisted by the town clerk , mr . dance , city surveyor , son to the architect of newgate ,","O,ORG,ORG,ORG,O,O,ORG,O,O,O,O,O,O,O,O,O,O,O,O,O,PER,O,O,O,O,O,O,O,O,O,ORG,O"
193,"and mr . addison , keeper of newgate , to make a visitation of the jails supposed to be the best managed , including those of petworth and gloucester .","O,O,O,PER,O,O,O,ORG,O,O,O,O,O,O,O,O,O,O,O,O,O,O,O,O,O,O,LOC,O,LOC,O"
194,"also to make such proposals as might appear salutary , and calculated to improve newgate and the rest of the city jails .","O,O,O,O,O,O,O,O,O,O,O,O,O,O,LOC,O,O,O,O,O,O,O,O"
195,"had they been accepted in their entirety , little fault could in future have been found with the managers of newgate .","O,O,O,O,O,O,O,O,O,O,O,O,O,O,O,O,O,O,O,O,ORG,O"
196,"the committee did not deny the superior advantages offered by such prisons as gloucester and petworth ,","O,ORG,O,O,O,O,O,O,O,O,O,O,O,LOC,O,LOC,O"
197,"end quote . it would cover some thirty acres , and cost a great deal more than the city , with the example of whitecross street prison before it ,","O,O,O,O,O,O,O,O,O,O,O,O,O,O,O,O,O,O,O,O,O,O,O,O,LOC,LOC,O,O,O,O"
198,the committee does not seem to have yet understood that newgate could be only and properly replaced,"O,ORG,O,O,O,O,O,O,O,O,ORG,O,O,O,O,O,O"
199,"by a new jail built on the outskirts , as holloway eventually was , and permitted itself to be altogether countered","O,O,O,O,O,O,O,O,O,O,ORG,O,O,O,O,O,O,O,O,O,O"
200,and checked in its efforts towards reform by the prohibitory costliness of the land about newgate .,"O,O,O,O,O,O,O,O,O,O,O,O,O,O,O,ORG,O"
201,it was very desirable that there should be a more speedy removal of transports from newgate to the ships .,"O,O,O,O,O,O,O,O,O,O,O,O,O,O,O,LOC,O,O,O,O"
202,"again , there was the new millbank penitentiary now ready for occupation .","O,O,O,O,O,O,LOC,O,O,O,O,O,O"
203,why not relieve newgate by drawing more largely upon the superior accommodation which millbank offered ?,"O,O,O,ORG,O,O,O,O,O,O,O,O,O,ORG,O,O"
204,"the chronicles of newgate , volume 2 . by arthur griffiths . section 7 : the beginnings of prison reform .","O,ORG,ORG,ORG,O,O,O,O,O,PER,PER,O,O,O,O,O,O,O,O,O,O"
205,"while mrs . fry was diligently engaged upon her self - imposed task in newgate ,","O,O,O,PER,O,O,O,O,O,O,O,O,O,O,LOC,O"
206,"howard ' s energy and devotion were rewarded by lively sympathy , but the desire to improve which followed his exposures was but short - lived .","PER,O,O,O,O,O,O,O,O,O,O,O,O,O,O,O,O,O,O,O,O,O,O,O,O,O,O"
207,"mr . neild , a second howard ,","O,O,PER,O,O,O,PER,O"
208,"mr . neild was compelled to admit in 1812 that "" the great reformation produced by howard","O,O,PER,O,O,O,O,O,O,O,O,O,O,O,O,O,PER"
209,"i have shown in a previous chapter what newgate was at this period , despite a vast expenditure and boasted efforts to introduce reforms .","O,O,O,O,O,O,O,O,ORG,O,O,O,O,O,O,O,O,O,O,O,O,O,O,O,O"
210,"a king ' s son , the duke of gloucester , was the patron among the vice - presidents were many great peers of the realm","O,O,O,O,O,O,O,O,O,LOC,O,O,O,O,O,O,O,O,O,O,O,O,O,O,O,O"
211,"several bishops , and a number of members of the house of commons , including mr . manners sutton ,","O,O,O,O,O,O,O,O,O,O,ORG,ORG,ORG,O,O,O,O,PER,PER,O"
212,"mr . sturges bourne , sir james james mackintosh , sir james scarlett , and william wilberforce .","O,O,PER,PER,O,O,PER,PER,PER,O,O,PER,PER,O,O,PER,PER,O"
213,"one of the moving spirits was the honorable h . g . bennet , m . p . , whose vigorous protests against the lamentable condition of newgate have already been recorded .","O,O,O,O,O,O,O,O,O,O,O,O,PER,O,O,O,O,O,O,O,O,O,O,O,O,O,O,ORG,O,O,O,O,O"
214,"mrs . fry ' s brother , mr . samuel hoare , junior , was chairman of the committee , on which also served many noted members of the society of friends","O,O,PER,O,O,O,O,O,O,PER,PER,O,O,O,O,O,O,O,ORG,O,O,O,O,O,O,O,O,O,O,ORG,ORG,ORG"
215,"mr . gurney , mr . fry , messrs . forster , and mr . t . f . buxton , the coadjutor of wilberforce in the great anti - slavery struggle .","O,O,PER,O,O,O,PER,O,O,O,PER,O,O,O,O,O,O,O,O,PER,O,O,O,O,LOC,O,O,O,O,O,O,O,O"
216,"mr . buxton had already been associated with mrs . fry in the newgate visitation , and his attention had thus been drawn to the neglected state of english prisons .","O,O,PER,O,O,O,O,O,O,O,PER,O,O,LOC,O,O,O,O,O,O,O,O,O,O,O,O,O,O,O,O,O"
217,"when in belgium he had examined with great satisfaction the admirable management of the great "" maison de force "" at ghent ,","O,O,LOC,O,O,O,O,O,O,O,O,O,O,O,O,O,ORG,ORG,ORG,O,O,LOC,O"
218,which howard had eulogized some forty years before .,"O,PER,O,O,O,O,O,O,O"
219,mr . buxton ' s small work on prison discipline gave a new aspect to the question he had so much at heart .,"O,O,PER,O,O,O,O,O,O,O,O,O,O,O,O,O,O,O,O,O,O,O,O,O"
220,"they had a right , mr . buxton affirmed , to be employed in their own crafts , provided it could be safely followed in prison .","O,O,O,O,O,O,O,PER,O,O,O,O,O,O,O,O,O,O,O,O,O,O,O,O,O,O,O"
221,"the convicted delinquent has his rights , said mr . buxton authoritatively .","O,O,O,O,O,O,O,O,O,O,PER,O,O"
222,"as mr . buxton pointed out , many old acts of parliament designed to protect the prisoner were still in full force .","O,O,O,PER,O,O,O,O,O,O,O,O,O,O,O,O,O,O,O,O,O,O,O"
223,"as far back as the reign of charles ii . , a law was passed declaring that sufficient provision should be made for the relief and setting on work","O,O,O,O,O,O,O,PER,PER,O,O,O,O,O,O,O,O,O,O,O,O,O,O,O,O,O,O,O,O"
224,"again , the 22 charles ii . c 20 ordered the jailer to keep felons and debtors "" separate and apart from one another ,","O,O,O,O,PER,PER,O,O,O,O,O,O,O,O,O,O,O,O,O,O,O,O,O,O,O"
225,"a much later act , the 14 george iii . c . 59 ( 1774 ) ,","O,O,O,O,O,O,O,PER,PER,O,O,O,O,O,O,O,O"
226,"which was contemporaneous with howard ' s first journeys , laid down precise rules as regards cleanliness , and the proper supply of space and air .","O,O,O,O,PER,O,O,O,O,O,O,O,O,O,O,O,O,O,O,O,O,O,O,O,O,O,O"
227,"by the 31 george iii . c . 46 , s . 5 ,","O,O,O,PER,PER,O,O,O,O,O,O,O,O,O"
228,"the most important jail act of that early period , however , was the 24 george iii . c . 54 , s . 4 ( 1784 )","O,O,O,O,O,O,O,O,O,O,O,O,O,O,O,PER,PER,O,O,O,O,O,O,O,O,O,O,O"
229,"in an early report of the prison discipline improvement society ,","O,O,O,O,O,O,ORG,ORG,ORG,ORG,O"
230,"in 1818 , out of five hundred and eighteen prisons in the united kingdom ,","O,O,O,O,O,O,O,O,O,O,O,O,LOC,LOC,O"
231,"to specify more particularly one or two of the worst , it may be mentioned that in the borough compter","O,O,O,O,O,O,O,O,O,O,O,O,O,O,O,O,O,O,LOC,LOC"
232,"mr . buxton , who found this , declared that it seemed physically impossible , but he was assured that it was true ,","O,O,PER,O,O,O,O,O,O,O,O,O,O,O,O,O,O,O,O,O,O,O,O,O"
233,"and the turnkey told mr . buxton that the "" smell on first opening the door was enough to knock down a horse .","O,O,O,O,O,O,PER,O,O,O,O,O,O,O,O,O,O,O,O,O,O,O,O,O"
234,"at guildford prison , which mr . buxton also visited in 1818 ,","O,LOC,O,O,O,O,O,PER,O,O,O,O,O"
235,matters were on much the same footing at st . albans .,"O,O,O,O,O,O,O,O,LOC,LOC,LOC,O"
236,"they were far worse at bristol ,","O,O,O,O,O,LOC,O"
237,"although at mr . buxton ' s visit a new jail was in process of erection , the first step towards reform since howard ' s visitation in 1774 .","O,O,O,O,PER,O,O,O,O,O,O,O,O,O,O,O,O,O,O,O,O,O,O,PER,O,O,O,O,O,O"
238,"in the crowd , all of them persons who had "" no other avocation or mode of livelihood but thieving , "" mr . buxton counted eleven children","O,O,O,O,O,O,O,O,O,O,O,O,O,O,O,O,O,O,O,O,O,O,O,O,PER,O,O,O"
239,"it was "" a scene of infernal passions and distresses , "" says buxton , "" which few have imagination sufficient to picture ,","O,O,O,O,O,O,O,O,O,O,O,O,O,PER,O,O,O,O,O,O,O,O,O,O"
240,confinement for twelve months in the bristol jail was counted a punishment equivalent to seven years ' transportation .,"O,O,O,O,O,O,LOC,O,O,O,O,O,O,O,O,O,O,O,O"
241,"already , as early as 1818 , a prison existed at bury st . edmunds which was a model for imitation to others at that time ,","O,O,O,O,O,O,O,O,O,O,O,LOC,LOC,LOC,LOC,O,O,O,O,O,O,O,O,O,O,O,O"
242,"another jail , that of ilchester , was also worthy of all commendation . it exhibited all the good points of that at bury .","O,O,O,O,O,LOC,O,O,O,O,O,O,O,O,O,O,O,O,O,O,O,O,O,LOC,O"
243,at ilchester the rule of employment had been carried further .,"O,LOC,O,O,O,O,O,O,O,O,O"
244,a system not adopted generally till nearly half a century later had already prevailed at ilchester .,"O,O,O,O,O,O,O,O,O,O,O,O,O,O,O,LOC,O"
245,compared with those highly meritorious institutions newgate still showed but badly .,"O,O,O,O,O,O,ORG,O,O,O,O,O"
246,"mainly through the exertions of a new governor , mr . brown , who succeeded mr . newman at newgate in 1817 .","O,O,O,O,O,O,O,O,O,O,O,PER,O,O,O,O,O,PER,O,LOC,O,O,O"
247,mr . brown confidently asserted that no jail in england now fed its inmates so well as did newgate .,"O,O,PER,O,O,O,O,O,O,LOC,O,O,O,O,O,O,O,O,ORG,O"
248,"mr . brown also , much to his own credit , brought about the abandonment of the practice of ironing all prisoners as a matter of course .","O,O,PER,O,O,O,O,O,O,O,O,O,O,O,O,O,O,O,O,O,O,O,O,O,O,O,O,O"
249,"in 1818 prisoners awaiting trial in newgate , were at length relieved from this illegal infliction .","O,O,O,O,O,O,LOC,O,O,O,O,O,O,O,O,O,O"
250,mr . buxton mentions the case of a boy whose apparent innocence and artlessness had attracted his attention .,"O,O,PER,O,O,O,O,O,O,O,O,O,O,O,O,O,O,O,O"
251,"he left newgate utterly corrupted , and after lapsing into crime , soon returned with a very different character .","O,O,ORG,O,O,O,O,O,O,O,O,O,O,O,O,O,O,O,O,O"
252,"some attempt was made to reduce the overcrowding , on the recommendation of the house of commons committee of 1818 , but this applied only a partial remedy .","O,O,O,O,O,O,O,O,O,O,O,O,O,O,ORG,ORG,ORG,ORG,O,O,O,O,O,O,O,O,O,O,O"
253,thus disposing of the objection so long raised against the industrial employment of prisoners in newgate .,"O,O,O,O,O,O,O,O,O,O,O,O,O,O,O,LOC,O"
254,"as the prison discipline society pertinently observed in a report dated 1820 ,","O,O,ORG,ORG,ORG,O,O,O,O,O,O,O,O"
255,"the chronicles of newgate , volume 2 . by arthur griffiths . section 8 : the beginnings of prison reform .","O,ORG,ORG,ORG,O,O,O,O,O,PER,PER,O,O,O,O,O,O,O,O,O,O"
256,newgate prisoners were the victims to another most objectionable practice which obtained all over london .,"ORG,O,O,O,O,O,O,O,O,O,O,O,O,O,LOC,O"
257,"even then they were not certain of the favor , for i find a reference to a decent and respectable woman sent to newgate","O,O,O,O,O,O,O,O,O,O,O,O,O,O,O,O,O,O,O,O,O,O,O,LOC"
258,"one smug alderman , a member of the house of commons , sneered at the ultra philanthropy of the champions of prison improvement .","O,O,O,O,O,O,O,O,ORG,ORG,ORG,O,O,O,O,O,O,O,O,O,O,O,O,O"
259,"our prisoners have all that prisoners ought to have , without gentlemen think they ought to be indulged with turkey carpets .","O,O,O,O,O,O,O,O,O,O,O,O,O,O,O,O,O,O,O,LOC,O,O"
260,the society for the improvement of prison discipline was taxed with a desire to introduce a system,"O,ORG,ORG,ORG,ORG,ORG,ORG,ORG,O,O,O,O,O,O,O,O,O"
261,"an imputation which the society indignantly and very justly repudiated , the statement being , as they said ,","O,O,O,O,ORG,O,O,O,O,O,O,O,O,O,O,O,O,O,O"
262,"among those whom the society found arrayed against it was sydney smith ,","O,O,O,O,ORG,O,O,O,O,O,PER,PER,O"
263,"while fully admitting the good intentions of the society , he condemned their ultra humanitarianism as misplaced .","O,O,O,O,O,O,O,O,ORG,O,O,O,O,O,O,O,O,O"
264,he took exception to various of the proposals of the society . he thought they leant too much to a system of indulgence and education in jails .,"O,O,O,O,O,O,O,O,O,O,ORG,O,O,O,O,O,O,O,O,O,O,O,O,O,O,O,O,O"
265,the society pursued its laudable undertaking with remarkable energy and great singleness of purpose .,"O,ORG,O,O,O,O,O,O,O,O,O,O,O,O,O"
266,"a much - needed and , according to our ideas , indispensable reform , already initiated by the ladies ' committee at newgate .","O,O,O,O,O,O,O,O,O,O,O,O,O,O,O,O,O,O,ORG,ORG,ORG,O,LOC,O"
267,"the good it tried to do took active shape in the establishment of temporary refuges - - at hoxton for males , and in the hackney road for females","O,O,O,O,O,O,O,O,O,O,O,O,O,O,O,O,O,O,LOC,O,O,O,O,O,O,LOC,LOC,O,O"
268,for the reception of deserving cases discharged from prison . the governor of newgate and other metropolitan prisons had orders of admission to this refuge,"O,O,O,O,O,O,O,O,O,O,O,O,O,LOC,O,O,LOC,O,O,O,O,O,O,O,O"
269,"and in moral and religious duty , and which after a time sought to provide them with suitable situations , was supported entirely out of the funds of the society .","O,O,O,O,O,O,O,O,O,O,O,O,O,O,O,O,O,O,O,O,O,O,O,O,O,O,O,O,O,ORG,O"
270,another point to which the society devoted infinite pains was the preparation of plans for the guidance of architects in the construction of prisons .,"O,O,O,O,O,ORG,O,O,O,O,O,O,O,O,O,O,O,O,O,O,O,O,O,O,O"
271,a very valuable volume published by the society,"O,O,O,O,O,O,O,ORG"
272,"or a dungeon above or below the gate of a town , to the first attempts at systematic reconstruction carried out under the advice and supervision of howard .","O,O,O,O,O,O,O,O,O,O,O,O,O,O,O,O,O,O,O,O,O,O,O,O,O,O,O,PER,O"
273,was introduced as early as 1790 by mr . blackburn,"O,O,O,O,O,O,O,O,O,ORG"
274,the society did not limit its remarks to the description of what had already been done,"O,ORG,O,O,O,O,O,O,O,O,O,O,O,O,O,O"
275,"the new jails , as howard says , "" having pompous fronts , appear like palaces to the lower class of people , and many persons are against them on this account . ""","O,O,O,O,O,PER,O,O,O,O,O,O,O,O,O,O,O,O,O,O,O,O,O,O,O,O,O,O,O,O,O,O,O,O"
276,"the prison society reproves the misdirected efforts of ambitious architects , who by a lavish and improvident expenditure of public money","O,ORG,ORG,O,O,O,O,O,O,O,O,O,O,O,O,O,O,O,O,O,O"
277,"these are principles fully recognized now - a - days , and it may fairly be conceded that the prison discipline society ' s ideal","O,O,O,O,O,O,O,O,O,O,O,O,O,O,O,O,O,O,O,ORG,ORG,ORG,O,O,O"
278,after a few years of active exertion the society was rewarded by fresh legislation .,"O,O,O,O,O,O,O,O,ORG,O,O,O,O,O,O"
279,"to its efforts , and their effect upon parliament and the public mind , we must attribute the new jail acts of 4 george iv","O,O,O,O,O,O,O,O,ORG,O,O,O,O,O,O,O,O,O,O,O,O,O,O,PER,PER"
280,"cap . 64 , and 5 george iv . cap . 85","O,O,O,O,O,O,PER,PER,O,O,O,O"
281,"classification was insisted upon , in the manner laid down by the 24 george iii . cap . 54 ,","O,O,O,O,O,O,O,O,O,O,O,O,O,PER,PER,O,O,O,O,O"
282,"the second act , passed in the following year , enlarged and amended the first , and at the same time gave powers to the house","O,O,O,O,O,O,O,O,O,O,O,O,O,O,O,O,O,O,O,O,O,O,O,O,O,ORG"
283,the promulgation of these two jail acts strengthened the hands of the prison discipline society enormously .,"O,O,O,O,O,O,O,O,O,O,O,O,ORG,ORG,ORG,O,O"
284,"the society did not shrink from its self - imposed duty , but continued year after year , with unflagging energy and unflinching spirit , to watch closely","O,ORG,O,O,O,O,O,O,O,O,O,O,O,O,O,O,O,O,O,O,O,O,O,O,O,O,O,O"
285,"upon these and the private visitations made by various members the society obtained the facts ,","O,O,O,O,O,O,O,O,O,O,O,ORG,O,O,O,O"
286,"jails , of which the old prison at reading was a specimen , were still left intact .","O,O,O,O,O,O,O,O,LOC,O,O,O,O,O,O,O,O,O"
287,"numbers of the jails were still unprovided with chaplains , and the prisoners never heard divine service .","O,O,O,O,O,O,O,O,O,O,O,O,O,O,O,O,O,O"
288,"the interior of one prison was illuminated throughout with gas , - - still a novelty , which had been generally adopted in london only four years previously ,","O,O,O,O,O,O,O,O,O,O,O,O,O,O,O,O,O,O,O,O,O,O,O,LOC,O,O,O,O,O"
289,four years later the prison society reported,"O,O,O,O,ORG,ORG,O"
290,"at the new prison , clerkenwell , which had become the principal reception jail of middlesex , and so took all the untried ,","O,O,LOC,LOC,O,LOC,O,O,O,O,O,O,O,O,O,LOC,O,O,O,O,O,O,O,O"
291,"yet to clerkenwell were now committed the juveniles , and all who were inexperienced in crime .","O,O,LOC,O,O,O,O,O,O,O,O,O,O,O,O,O,O"
292,"mr . peel , who as home secretary had charge of the bill ,","O,O,PER,O,O,O,O,O,O,O,O,O,O,O"
293,"which became the 4 george iv . cap . 64 , said that he had abstained from legislating for these small jurisdictions "" on mature deliberation . ""","O,O,O,O,PER,PER,O,O,O,O,O,O,O,O,O,O,O,O,O,O,O,O,O,O,O,O,O,O"
294,"at this time there were in england one hundred and seventy boroughs , cities , towns , and liberties","O,O,O,O,O,O,LOC,O,O,O,O,O,O,O,O,O,O,O,O"
295,"as the society put it in 1827 , "" the friends to the improvement of prison discipline will regret to learn","O,O,ORG,O,O,O,O,O,O,O,O,O,O,O,O,O,O,O,O,O,O"
296,the society proceeded to support this indictment by facts . it is much the old story .,"O,ORG,O,O,O,O,O,O,O,O,O,O,O,O,O,O,O"
297,as is shown by the report of the commissioners to inquire into the state of the municipal corporations in 1835 .,"O,O,O,O,O,O,O,O,ORG,O,O,O,O,O,O,O,O,O,O,O,O"
298,"thus dinas mwddy , in merionethshire , had , "" besides the pinfold and the stocks or crib , a little prison . ""","O,PER,PER,O,O,LOC,O,O,O,O,O,O,O,O,O,O,O,O,O,O,O,O,O,O"
299,"clun , in shropshire , had a lock - up under the town hall .","O,O,O,LOC,O,O,O,O,O,O,O,O,O,O,O"
300,"at eye , in suffolk , the jail was part of the poor - house so it was at richmond , in yorkshire , where the master of the workhouse was also keeper of the jail .","O,LOC,O,O,LOC,O,O,O,O,O,O,O,O,O,O,O,O,O,O,LOC,O,O,LOC,O,O,O,O,O,O,O,O,O,O,O,O,O,O"
301,"at godmanchester there was no jail , but a cage to secure prisoners till they could be taken before a magistrate .","O,LOC,O,O,O,O,O,O,O,O,O,O,O,O,O,O,O,O,O,O,O,O"
302,"kidderminster had a prison , one damp chill room ,","ORG,O,O,O,O,O,O,O,O,O"
303,"at walsall , in staffordshire ,","O,LOC,O,O,LOC,O"
304,newgate through all these years continued a bye - word with the society .,"ORG,O,O,O,O,O,O,O,O,O,O,O,ORG,O"
305,but it was pointed out in 1823 that defective construction must always bar the way to any radical improvement in newgate .,"O,O,O,O,O,O,O,O,O,O,O,O,O,O,O,O,O,O,O,O,LOC,O"
306,"in 1824 newgate had no glass in its windows , except in the infirmary and one ward of the chapel yard","O,O,LOC,O,O,O,O,O,O,O,O,O,O,O,O,O,O,O,O,O,O"
307,"there was a diminution in the numbers in custody , due to the adoption of the practice of not committing at once to newgate every offender for trial at the old bailey","O,O,O,O,O,O,O,O,O,O,O,O,O,O,O,O,O,O,O,O,O,O,O,LOC,O,O,O,O,O,O,LOC,LOC"
308,"in 1827 the society was compelled to report that "" no material change had taken place in newgate since the passing of the prison laws ,","O,O,O,ORG,O,O,O,O,O,O,O,O,O,O,O,O,O,LOC,O,O,O,O,O,O,O,O"
309,"idleness was still the general rule for all prisoners in newgate , in defiance of the law .","O,O,O,O,O,O,O,O,O,O,LOC,O,O,O,O,O,O,O"
310,"i shall have more to say on this subject , and upon the state of newgate generally , in the following chapter .","O,O,O,O,O,O,O,O,O,O,O,O,O,O,O,LOC,O,O,O,O,O,O,O"
311,"the prison society did not relax its efforts as time passed , but its leading members had other and more pressing claims upon their energies .","O,ORG,ORG,O,O,O,O,O,O,O,O,O,O,O,O,O,O,O,O,O,O,O,O,O,O,O"
312,"mr . buxton had succeeded to the great work which william wilberforce had commenced , and led the repeated attacks upon slavery in british colonies","O,O,PER,O,O,O,O,O,O,O,PER,PER,O,O,O,O,O,O,O,O,O,O,O,O,O"
313,"nevertheless a committee of the house of commons was appointed in 1831 to report upon the whole system of secondary punishments ,","O,O,O,O,O,ORG,ORG,ORG,O,O,O,O,O,O,O,O,O,O,O,O,O,O"
314,"this committee animadverted strongly upon the system in force at the metropolitan jails , and more especially upon the condition of newgate","O,ORG,O,O,O,O,O,O,O,O,O,LOC,LOC,O,O,O,O,O,O,O,O,LOC"
315,mr . samuel hoare was examined by this committee,"O,O,PER,PER,O,O,O,O,ORG"
316,"and stated that in his opinion newgate , as the common jail of middlesex , was wholly inadequate to the proper confinement of its prisoners .","O,O,O,O,O,O,ORG,O,O,O,O,O,O,LOC,O,O,O,O,O,O,O,O,O,O,O,O"
317,"the prisoners were crowded together in the jail , contrary to the requirements of the 4 george iv .","O,O,O,O,O,O,O,O,O,O,O,O,O,O,O,O,PER,PER,O"
318,"again in 1835 prisons and their inmates became once more the care of the senate , and the subject was taken up this time by the house of lords .","O,O,O,O,O,O,O,O,O,O,O,O,O,O,ORG,O,O,O,O,O,O,O,O,O,O,O,ORG,ORG,ORG,O"
319,"a committee was appointed , under the presidency of the duke of richmond","O,ORG,O,O,O,O,O,O,O,O,O,O,LOC"
320,"to inquire into and report upon the several jails and houses of correction in the counties , cities , and corporate towns within england and wales","O,O,O,O,O,O,O,O,O,O,O,O,O,O,O,O,O,O,O,O,O,O,O,LOC,O,LOC"
321,the lords ' committee fully recognized the painful fact,"O,ORG,ORG,ORG,O,O,O,O,O"
322,still under the borough corporations . the commons ' committee gave it as their opinion that they were in a deplorable state .,"O,O,O,ORG,ORG,O,O,ORG,ORG,ORG,O,O,O,O,O,O,O,O,O,O,O,O,O"
323,"in some large towns , as at berwick on tweed , southampton , and southwark , they ( the prisons ) are in a very discreditable condition .","O,O,O,O,O,O,O,LOC,O,O,O,LOC,O,O,LOC,O,O,O,O,O,O,O,O,O,O,O,O,O"
324,"the lords ' committee on jails were of the same opinion , and considered the prisons under corporate or peculiar jurisdiction in a very unsatisfactory condition .","O,ORG,ORG,ORG,ORG,ORG,O,O,O,O,O,O,O,O,O,O,O,O,O,O,O,O,O,O,O,O,O"
325,"the whole question was again dealt with in lord john russell ' s bill for the reform of the municipal corporations , and with a more liberal election of town councilors ,","O,O,O,O,O,O,O,O,O,PER,PER,O,O,O,O,O,O,O,O,ORG,ORG,O,O,O,O,O,O,O,O,O,O,O"
326,"the chronicles of newgate , volume 2 . by arthur griffiths . section 9 : the first report of the inspector of prisons .","O,ORG,ORG,ORG,O,O,O,O,O,PER,PER,O,O,O,O,O,O,O,O,O,O,O,O,O"
327,newgate has remained rather in the background while the whole of the jails as a body were under discussion .,"ORG,O,O,O,O,O,O,O,O,O,O,O,O,O,O,O,O,O,O,O"
328,"i shall now return to the great jail of the city of london , and give a more detailed account of its condition and inner life","O,O,O,O,O,O,O,O,O,O,O,O,LOC,O,O,O,O,O,O,O,O,O,O,O,O,O"
329,"these gentlemen were appointed in october 1835 , owing to the strong representations of the lords ' committee","O,O,O,O,O,O,O,O,O,O,O,O,O,O,O,ORG,ORG,ORG"
330,"mr . samuel hoare , when examined , considered it indispensably necessary , to carry out whatever system might be established ,","O,O,PER,PER,O,O,O,O,O,O,O,O,O,O,O,O,O,O,O,O,O,O"
331,"sir frederick roe was of the same opinion as regards the appointment , but he would give the inspectors the power of acting as well as reporting .","O,PER,PER,O,O,O,O,O,O,O,O,O,O,O,O,O,O,O,O,O,O,O,O,O,O,O,O,O"
332,"with those who made the selection of the first inspectors , and the two gentlemen appointed were probably the most fitted in england to be so employed .","O,O,O,O,O,O,O,O,O,O,O,O,O,O,O,O,O,O,O,O,O,O,LOC,O,O,O,O,O"
333,"one was mr . william crawford , the other the rev . whitworth russell .","O,O,O,O,PER,PER,O,O,O,O,O,O,PER,PER,O"
334,william crawford had been one of the promoters and managers of the philanthropic society ' s farm school .,"PER,PER,O,O,O,O,O,O,O,O,O,O,ORG,ORG,ORG,ORG,ORG,ORG,O"
335,later on he had devoted himself to the personal investigation of the prisons of the united states .,"O,O,O,O,O,O,O,O,O,O,O,O,O,O,O,LOC,LOC,O"
336,"at that time the mild and intelligent prison discipline in force in pennsylvania , the legacy of the old quaker immigrants ,","O,O,O,O,O,O,O,O,O,O,O,O,LOC,O,O,O,O,O,O,O,O,O"
337,had made such prisons as auburn a model for imitation .,"O,O,O,O,O,LOC,O,O,O,O,O"
338,"france had sent misseurs beaumont and de tocqueville , who subsequently published several interesting works on the subject .","LOC,O,O,PER,PER,O,PER,PER,O,O,O,O,O,O,O,O,O,O,O"
339,"england was represented by mr . crawford , and the result of his inquiry was given to the public as an appendix to the house of commons ' report on secondary punishments .","LOC,O,O,O,O,O,PER,O,O,O,O,O,O,O,O,O,O,O,O,O,O,O,O,O,ORG,ORG,ORG,O,O,O,O,O,O"
340,"mr . crawford was thoroughly versed in the still imperfectly understood science of prison management , and fully qualified for his new duties .","O,O,PER,O,O,O,O,O,O,O,O,O,O,O,O,O,O,O,O,O,O,O,O,O"
341,"the second inspector , the rev . whitworth russell , was the chaplain of millbank penitentiary ,","O,O,O,O,O,O,O,PER,PER,O,O,O,O,O,LOC,O,O"
342,"the great architectural experiment which grew out of the strong representations of jeremy bentham and others , and was the first national recognition of the principle","O,O,O,O,O,O,O,O,O,O,O,O,PER,PER,O,O,O,O,O,O,O,O,O,O,O,O"
343,"messrs . crawford and russell proceeded to carry out their new functions with commendable energy , and without a moment ' s loss of time .","O,O,PER,O,PER,O,O,O,O,O,O,O,O,O,O,O,O,O,O,O,O,O,O,O,O,O"
344,"the ink was barely dry upon their letters of appointment before they appeared at newgate , and commenced a searching investigation .","O,O,O,O,O,O,O,O,O,O,O,O,O,O,LOC,O,O,O,O,O,O,O"
345,and limited it to newgate alone . newgate indeed became the sole theme of their first report .,"O,O,O,O,ORG,O,O,ORG,O,O,O,O,O,O,O,O,O,O"
346,there was no longer the faintest possible excuse for overcrowding . the numbers now committed to newgate had sensibly diminished .,"O,O,O,O,O,O,O,O,O,O,O,O,O,O,O,O,ORG,O,O,O,O"
347,"an occasional prisoner or two committed by the houses of parliament , the courts of king ' s bench , common pleas ,","O,O,O,O,O,O,O,O,ORG,ORG,ORG,O,O,ORG,ORG,ORG,ORG,ORG,ORG,O,ORG,ORG,O"
348,"the exchequer , the commissioners of bankruptcy and of taxes smugglers , and a larger number sentenced for very short terms ,","O,ORG,O,O,ORG,O,O,O,O,O,O,O,O,O,O,O,O,O,O,O,O,O"
349,"and for offenses of the most varying description , by the central criminal court .","O,O,O,O,O,O,O,O,O,O,O,ORG,ORG,ORG,O"
350,"but incredible as it may appear , the authorities of newgate declined to avail themselves of the advantages offered them ,","O,O,O,O,O,O,O,O,O,O,ORG,O,O,O,O,O,O,O,O,O,O"
351,"no doubt the governor for the time being , mr . cope , was in a great measure to blame for all this , and for the want of proper classification .","O,O,O,O,O,O,O,O,O,O,O,PER,O,O,O,O,O,O,O,O,O,O,O,O,O,O,O,O,O,O,O,O"
352,"i shall have occasion to speak again , and more at length , of mr . cope ' s careless and perfunctory discharge","O,O,O,O,O,O,O,O,O,O,O,O,O,O,O,O,PER,O,O,O,O,O,O"
353,"he blamed the construction of newgate for the neglect of classification , and was yet compelled to confess that he had made no attempt whatever to carry it out .","O,O,O,O,O,LOC,O,O,O,O,O,O,O,O,O,O,O,O,O,O,O,O,O,O,O,O,O,O,O,O"
354,"within this the greatest nursery of crime in london , should exercise even the commonest care for the personal decency or comfort of the prisoners .","O,O,O,O,O,O,O,O,LOC,O,O,O,O,O,O,O,O,O,O,O,O,O,O,O,O,O"
355,"and might always smoke his pipe undisturbed for although the use of tobacco had been prohibited since the report of the lords committee ,","O,O,O,O,O,O,O,O,O,O,O,O,O,O,O,O,O,O,O,O,O,ORG,ORG,O"
356,"nothing was more prominently brought out by the inspectors than the inefficiency of the governor at that time , mr . cope .","O,O,O,O,O,O,O,O,O,O,O,O,O,O,O,O,O,O,O,O,O,PER,O"
357,but it is only fair to mr . cope to state that he himself said he went whenever he could find time,"O,O,O,O,O,O,O,O,PER,O,O,O,O,O,O,O,O,O,O,O,O,O"
358,"and it was not the least part of the blame imputed to him that he made special favorites of particular prisoners , retaining of his own accord in newgate ,","O,O,O,O,O,O,O,O,O,O,O,O,O,O,O,O,O,O,O,O,O,O,O,O,O,O,O,O,LOC,O"
359,"edward gibbon wakefield , who spent three years in newgate a little before the time of the inspectors ' first report ,","PER,PER,PER,O,O,O,O,O,O,LOC,O,O,O,O,O,O,O,O,O,O,O,O"
360,"said with justice that "" incredible scenes of horror occur in newgate . ""","O,O,O,O,O,O,O,O,O,O,O,LOC,O,O"
361,"it was , moreover , in his opinion undoubtedly the greatest nursery of crime in london .","O,O,O,O,O,O,O,O,O,O,O,O,O,O,O,LOC,O"
362,"the most popular being the "" times , "" "" morning herald , "" and "" morning chronicle "" on sunday the "" weekly dispatch , "" "" bell ' s life , "" and the "" weekly messenger . ""","O,O,O,O,O,O,ORG,O,O,O,ORG,ORG,O,O,O,O,ORG,ORG,O,O,O,O,O,ORG,ORG,O,O,O,O,O,O,O,O,O,O,O,O,ORG,ORG,O,O"
363,"novels , flash songs , play - books , such as "" jane shore , "" "" grimm ' s german tales , "" with cruikshank ' s illustrations ,","O,O,O,O,O,O,O,O,O,O,O,O,PER,PER,O,O,O,PER,O,O,O,O,O,O,O,PER,O,O,O,O"
364,"one of these , published by stockdale , the inspectors styled "" a book of the most disgusting nature . ""","O,O,O,O,O,O,ORG,O,O,O,O,O,O,O,O,O,O,O,O,O,O"
365,"the donation of a philanthropic gentleman , captain brown , but these , particularly the bibles , bore little appearance of having been used .","O,O,O,O,O,O,O,PER,PER,O,O,O,O,O,O,O,O,O,O,O,O,O,O,O,O"
366,"a lad named matthew white has had a wound in his eye by a bone thrown at him , which very nearly destroyed vision .","O,O,O,PER,PER,O,O,O,O,O,O,O,O,O,O,O,O,O,O,O,O,O,O,O,O"
367,watkins ' knee - joint is very severely injured .,"PER,O,O,O,O,O,O,O,O,O"
368,a prisoner baxter is in the infirmary in consequence of a severe injury to his wrist - joint .,"O,O,PER,O,O,O,O,O,O,O,O,O,O,O,O,O,O,O,O"
369,"watkins ' case , referred to above , is made the subject of another and a special report from the surgeon .","PER,O,O,O,O,O,O,O,O,O,O,O,O,O,O,O,O,O,O,O,O,O"
370,"he was in the transport side , when one of his fellows , in endeavoring to strike another prisoner with a large poker , missed his aim , and struck watkins ' knee","O,O,O,O,O,O,O,O,O,O,O,O,O,O,O,O,O,O,O,O,O,O,O,O,O,O,O,O,O,O,PER,O,O"
371,"on this female side , where the ladies ' association still reigned supreme , more system and a greater semblance of decorum was maintained .","O,O,O,O,O,O,O,ORG,ORG,ORG,O,O,O,O,O,O,O,O,O,O,O,O,O,O,O"
372,the separation of the sexes was not indeed rigidly carried out in newgate as yet .,"O,O,O,O,O,O,O,O,O,O,O,O,LOC,O,O,O"
373,"and the men could also at any time go for tea , coffee , and sugar to mrs . brown ' s shop , which was inside the female gate .","O,O,O,O,O,O,O,O,O,O,O,O,O,O,O,O,O,O,O,PER,O,O,O,O,O,O,O,O,O,O,O"
374,"some member of the ladies ' association observed and commented upon the fact that a "" young rosy - cheeked girl "" had been kept by the governor from transportation ,","O,O,O,O,ORG,ORG,ORG,O,O,O,O,O,O,O,O,O,O,O,O,O,O,O,O,O,O,O,O,O,O,O,O"
375,"committed by the house of commons , who had been lodged in the governor ' s own house .","O,O,O,ORG,ORG,ORG,O,O,O,O,O,O,O,O,O,O,O,O,O"
